SET NAMES UTF8;
DROP DATABASE IF EXISTS jxy;
CREATE DATABASE jxy CHARSET=UTF8;
USE jxy;

/**所属地编号**/
CREATE TABLE jxy_guojia(
  Did INT PRIMARY KEY,
  gname VARCHAR(32)     
);
/**添加国家表数据**/
INSERT INTO jxy_guojia VALUES
(10,'境内'),
(20,'中国港澳台'),
(30,'日本'),
(40,'东南亚'),
(50,'欧洲'),
(60,'美洲'),
(70,'澳中东非');

/**城市编号**/
CREATE TABLE jxy_city(
  Cid INT PRIMARY KEY AUTO_INCREMENT,  
  Did INT,   #所属地区编号
  CityId INT,   #城市编号
  selcname VARCHAR(32),    #拼音英文名
  cname VARCHAR(32),       #城市名
  cimg VARCHAR(128),			#城市图片
  MVisa SMALLINT      #是否0无 1免签 2落地签
);
/**添加城市表数据**/
INSERT INTO jxy_city VALUES
(null,10,1000,'Beijing','北京','img/beijing.jpg',0),
(null,10,1001,'Sanya','三亚','img/sanya.jpg',0),
(null,10,1002,'Chengdu','成都','img/chengdu.jpg',0),
(null,10,1003,'Shanghai','上海','img/shanghai.jpg',0),
(null,10,1004,'Xian','西安','img/xian.jpg',0),
(null,10,1005,'Guilin','桂林','img/riben.jpg',0),
(null,10,1006,'Hangzhou','杭州','img/hangzhou.jpg',0),
(null,10,1007,'Chongqing','重庆','img/chengdu.jpg',0),
(null,10,1008,'Xiamen','厦门','img/chengdu.jpg',0),
(null,10,1009,'Ningbo','宁波','img/riben.jpg',0),
(null,10,1010,'Zhoushan','舟山','img/hangzhou.jpg',0),
(null,10,1011,'Wuxi','无锡','img/chengdu.jpg',0),
(null,10,1012,'Lishui','丽水','img/chengdu.jpg',0),
(null,10,1013,'Guangxi','广西','img/xian.jpg',0),
(null,20,2001,'Taiwan','台湾','img/chengdu.jpg',0),
(null,20,2002,'Xianggang','香港','img/xianggang.jpg',0),
(null,20,2003,'Taibei','台北','img/xianggang.jpg',0),
(null,20,2004,'Kending','垦丁','img/chengdu.jpg',0),
(null,20,2005,'Gaoxiong','高雄','img/chengdu.jpg',0),
(null,20,2006,'Hualian','花莲','img/chengdu.jpg',0),
(null,20,2007,'Riyuetan','日月潭','img/yunnan.jpg',0),
(null,20,2008,'Taizhong','台中','img/chengdu.jpg',0),
(null,30,3001,'Riben','日本','img/riben.jpg',0),
(null,30,3002,'Beihaidao','北海道','img/riben.jpg',0),
(null,30,3003,'Jingdu','京都','img/riben.jpg',0),
(null,30,3004,'Mingguwu','名古屋','img/riben.jpg',0),
(null,30,3005,'Zhahuang','札幌','img/maerdaifu.jpg',0),
(null,30,3006,'Fushihan','富士山','img/hangzhou.jpg',0),
(null,30,3007,'Jiuzhou','九州','img/riben.jpg',0),
(null,30,3008,'Changzhou','唱州','img/riben.jpg',0),
(null,40,4001,'Taiguo','泰国','img/taiguo.jpg',2),
(null,40,4002,'Maerdaifu','马尔代夫','img/taiguo.jpg',2),
(null,40,4003,'Balidao','巴厘岛','img/maerdaifu.jpg',0),
(null,40,4004,'Xinjiapo','新加坡','img/maerdaifu.jpg',0),
(null,40,4005,'Pujidao','普吉岛','img/riben.jpg',0),
(null,40,4006,'Yazhuang','芽庄','img/hangzhou.jpg',0),
(null,40,4007,'Yuenan','越南','img/riben.jpg',0),
(null,40,4008,'Changtandao','长滩岛','img/maerdaifu.jpg',0),
(null,40,4009,'Xianbenna','仙本那','img/hangzhou.jpg',0),
(null,40,4010,'Qingmai','清迈','img/sanya.jpg',0),
(null,50,5001,'Eluosi','俄罗斯','img/hangzhou.jpg',0),
(null,50,5002,'Rushi','瑞士','img/maerdaifu.jpg',0),
(null,50,5003,'Bingdao','冰岛','img/yunnan.jpg',0),
(null,50,5004,'Xila','希腊','img/sanya.jpg',0),
(null,50,5005,'Xibanya','西班牙','img/hangzhou.jpg',0),
(null,50,5006,'Yidali','意大利','img/yunnan.jpg',0),
(null,50,5007,'Yingguo','英国','img/chengdu.jpg',0),
(null,50,5008,'Saierweiya','塞尔维亚','img/hangzhou.jpg',1),
(null,50,5009,'Faguo','法国','img/sanya.jpg',0),
(null,60,6001,'Saibandao','塞班岛','img/chengdu.jpg',0),
(null,60,6002,'Meiguo','美国','img/hangzhou.jpg',0),
(null,60,6003,'Jianada','加拿大','img/yunnan.jpg',0),
(null,60,6004,'Nuiyue','纽约','img/chengdu.jpg',0),
(null,60,6005,'Luoshanji','洛杉矶','img/hangzhou.jpg',0),
(null,60,6006,'Bahama','巴哈马','img/hangzhou.jpg',1),
(null,60,6007,'Moxige','墨西哥','img/chengdu.jpg',0),
(null,60,6008,'Beimaliyanaqundao','北马里亚纳群岛','img/chengdu.jpg',1),
(null,70,7001,'Aodaliya',"澳大利亚","img/chengdu.jpg",1),
(null,70,7002,'Dibai',"迪拜","img/chengdu.jpg",1),
(null,70,7003,'Tuerqi',"土耳其","img/chengdu.jpg",1),
(null,70,7004,'Xinxilan',"新西兰","img/chengdu.jpg",1),
(null,70,7005,'Maoliquisi',"毛里求斯","img/chengdu.jpg",1),
(null,70,7006,'Moluoge',"摩洛哥","img/chengdu.jpg",1),
(null,70,7007,'Aiji',"埃及","img/chengdu.jpg",1),
(null,70,7008,'Saisheer',"塞舌尔","img/chengdu.jpg",1),
(null,70,7009,'Yiselie',"以色列","img/chengdu.jpg",1),
(null,70,7010,'Xini',"悉尼","img/chengdu.jpg",0),
(null,70,7011,'Moerben',"墨尔本","img/chengdu.jpg",0),
(null,70,7012,'Huangjinhaian',"黄金海岸","img/chengdu.jpg",0),
(null,70,7013,'Huanghouzhen',"皇后镇","img/chengdu.jpg",0),
(null,70,7014,'Alianqui',"阿联酋","img/chengdu.jpg",1),
(null,70,7015,'Nanfei',"南非","img/chengdu.jpg",0);
/*景区详情*/
CREATE TABLE jxy_jingqu(
  Jid INT PRIMARY KEY AUTO_INCREMENT,    #景区编号
  Did INT,  #所属地区
  CityId VARCHAR(32),     #所属城市编号
	cname VARCHAR(32),			#城市名称
  prevImg VARCHAR(128), #首页展示图片
  price INT(16),        #价钱
  grade VARCHAR(6),    #评分
  tag VARCHAR(36),       #标签
  title VARCHAR(128),    #标题
  subtitle VARCHAR(256) #副标题 
);
INSERT INTO jxy_jingqu VALUES
(null,10,1000,'北京','prev/100f0m000000dgc5x6318_C_750_420_Q90.jpg',1712,'4.8','优选','北京5日4晚跟团游(4钻)','【自营 万人销量产品 双成人立减1000元】赠香山公园(10.12-11.10出发班期) 高端商务酒店 精华景点全覆盖 获奖导游精细讲解 24小时旅游管家服务'),
(null,10,1000,'北京','prev/100g0x000000let3k0858_C_750_420_Q90.jpg',2011,'4.8','优选','北京6日5晚跟团游(4钻)','【自营 一价全包 爸妈放心游】9正餐全含 15项门票全包 含升旗仪式 赠长城往返缆车+慈禧水道或胡同四合院游 部分班期明星导游带团 24小时贴心接送 贵的有道理'),
(null,10,1000,'北京','prev/30030g0000007sj2e89A8_C_750_420_Q90.jpg',2044,'4.6',null,'北京4日3晚跟团游','【专享团】『醉美京秋 · 爸妈游帝都 · 登香山赏红叶』【长者立减】 甄选北京精华景区 · 入皇都-逛皇宫-登长城-游醉美颐和园-圆明园 · 提供24h接机接站服务'),
(null,10,1000,'北京','prev/Cghzf1WwtEiAJ2cqAAocVn4isuk274_C_750_420_Q90.jpg',2035,'4.8',null,'北京6日5晚跟团游(4钻)','【自营 赠香山公园(10.12-11.10出发班期)】出游必选 火爆抢购中 高端商务酒店 获奖导游带团 景点全覆盖 24小时旅游管家服务'),
(null,10,1000,'北京','prev/100g0x000000let3k0858_C_750_420_Q90.jpg',2077,'4.7',null,'北京5日4晚跟团游(5钻)','自营 限赠长城缆车 双成人特惠 升旗仪式 赠天坛圆明园通票 24小时北京放心接送 外观清华或北大 圆梦北京 上千真实好评见证'),
(null,10,1000,'北京','prev/30050u000000j3o939A0D_C_750_420_Q90.jpg',2055,'4.8','精选','北京4日3晚跟团游(4钻)','携程自营之《4天带你逛遍北京7家5A级景区》一车双导游 4钻高品酒店 逛13大热门精华景点 看热血升旗仪式'),
(null,10,1000,'北京','prev/300l170000011g19q2B68_C_750_420_Q90.jpg',2235,'4.8','独立成团','北京4日3晚跟团游(4钻)','自营 限赠长城缆车 双成人特惠 升旗仪式 赠天坛圆明园通票 24小时北京放心接送 外观清华或北大 圆梦北京 上千真实好评见证'),
(null,10,1000,'北京','prev/300k0j000000agf7mD016_C_750_420_Q90.jpg',1999,'4.8','优选','北京6日5晚跟团游(4钻)','【专享团】『醉美京秋 · 爸妈游帝都 · 登香山赏红叶』【长者立减】 甄选北京精华景区 · 入皇都-逛皇宫-登长城-游醉美颐和园-圆明园 · 提供24h接机接站服务'),
(null,10,1000,'北京','prev/300v170000011spr23BD4_C_750_420_Q90.jpg',1333,'4.8',null,'北京6日5晚跟团游(4钻)','【专享团】『醉美京秋 · 爸妈游帝都 · 登香山赏红叶』【长者立减】 甄选北京精华景区 · 入皇都-逛皇宫-登长城-游醉美颐和园-圆明园 · 提供24h接机接站服务'),
(null,10,1003,'上海','prev/Cghzf1WwsYOAFmwcADqn-PTJsSs886_C_750_420_Q90.jpg',2235,'4.1',null,'上海+杭州+苏州+乌镇4日3晚跟团游','『20周年❣2成人-200❣约惠明星线』纯玩0购物 周庄+乌镇+南浔 三大水乡 全部5A级｜大爱无疆 携手扶贫 爱心包裹 温暖你我｜夜宿周庄 先到先得｜接送1条龙 放心选购【明星线·冲万销量】'),
(null,10,1003,'上海','prev/300j170000011fduoE7DE_C_750_420_Q90.jpg',2835,'4.2','精选','上海+杭州+苏州+乌镇5日4晚跟团游(5钻)','20周年·2成人减400『快乐迪士尼❣已含门票❣畅游1整天』惊喜大礼不断｜赠洗漱6件套 绿色环保｜赠收纳6件套 轻松旅行｜赠艾热灸体验装 缓解疲惫｜携手扶贫基金会 爱心包裹｜逢99送香奈儿限量口红【明星慢游❣冲4万销量❣女王权杖等你拿】打卡网红乌镇 360°观西湖 观苏州名园 纯玩0购物 夜宿乌镇 品牌高钻酒店 品江南美食 多种大交通方式可选 车次航班任选♨'),
(null,10,1003,'上海','prev/300l170000011g19q2B68_C_750_420_Q90.jpg',1005,'4.2',null,'上海+苏州+乌镇+杭州4日3晚跟团游(5钻)','『20周年❣2成人减400❣惊喜大礼不断』赠洗漱6件套 绿色环保｜赠收纳6件套 轻松旅行｜赠艾灸热体验装 缓解疲惫｜携手扶贫基金会 爱心包裹｜逢99送香奈儿限量口红【明星慢游❣冲4万销量❣女王权杖等你拿】打卡网红乌镇 360°观西湖 观苏州名园 纯玩0购物 夜宿乌镇 品牌高钻酒店 品江南美食 多种大交通方式可选 车次航班任选♨'),
(null,10,1003,'上海','prev/300s14000000wqotbB451_C_750_420_Q90.png',2099,'4.5','优选','华东5市+乌镇6日5晚跟团游(4钻)','枕乌镇+升1晚5星【经典明星线·金秋错峰倾情大促】餐标50+儿童含早「精华全含」乌镇+周庄经典双水乡 醉美西湖+周庄环镇双游船 苏州留园+灵山祈福【放心纯玩无购物】千人好评 双飞'),
(null,10,1003,'上海','prev/300r14000000wi8e63211_C_750_420_Q90.png',2095,'4.5','优选','上海+苏州+杭州+无锡+南京+乌镇5日4晚跟团游(4钻)','双十一从促『25人精致小团』宿乌镇+网红拈花湾客栈 全程5星酒店 5星自助早 50餐标【经典双水乡 乌镇+周庄】夜游西栅&拈花观演 灵山祈福 品味留园 接送全含 可升级C线5星纯玩 多种大交通任选 '),
(null,10,1003,'上海','prev/300f0j000000afoqeBCAE_C_750_420_Q90.jpg',3035,'4.3',null,'上海+杭州+乌镇3日2晚跟团游','20周年❣升5钻品牌酒店『精致慢游·懒人专享』纯玩0购物 夜宿乌镇 ｜可选乌镇东栅 灵活自由｜可选升级乌镇内住宿 数量有限｜携手扶贫基金会 爱心包裹｜沪进杭出 不走回头路 多种大交通可选 车次航班任选♨'),
(null,10,1003,'上海','prev/300d0j000000afojo5998_C_750_420_Q90.jpg',2035,'4.7','优选','上海+杭州+苏州+乌镇5日4晚跟团游','携程20周年『快乐迪士尼❣已含门票❣畅游1整天』纯玩0购物 约惠明星线｜大爱无疆 携手扶贫 爱心包裹 温暖你我｜周庄+乌镇+南浔 三大水乡 全部5A级｜夜宿周庄 先到先得｜接送1条龙 放心选购｜多种大交通方式可选 车次航班任选♨'),
(null,10,1003,'上海','prev/300e0j000000ahcql282D_C_750_420_Q90.jpg',2035,'4.4',null,'华东5市+乌镇5日4晚跟团游(5钻)','纯玩0购物0自费 【赠宋城千古情表演+上海摩登夜景】『夜宿乌镇+网红拈花湾客栈』祈福灵山  品牌五钻  迷情三水乡 50风味餐 赠西塘+西湖双游船 接送全含 宁进沪出 双飞'),
(null,10,1002,'成都','prev/3002180000014owwv6C33_C_750_480.png',1450,'4.2',null,'成都+九寨沟+黄龙风景名胜区+都江堰6日5晚跟团游(4钻)','【九寨壹号·真格头等舱保姆车一排2+1座椅 USB充电接口+145度可调整座椅】【成都宿洲际旗下 HolidayInn Express】可选升级5钻酒店套餐 加游都江堰景区+熊猫乐园 《特色餐：馋院私房菜+牦牛肉汤锅》 大交通自选 【腾势专车24h接送机/火车】'),
(null,10,1001,'三亚','prev/300n0w000000kedaoDAE7_C_750_480.jpg',3230,'4.8',null,'三亚5日4晚跟团游(5钻)','双十一提前抢！ 直降2200！专享团优选金牌导游 『3重VIP通道+24H接送机+管家服务』赠『338元蜈支洲自助餐&黎族宴+免税城代金券』初游必玩全包『天空之境玻璃栈道+少数民族文化槟榔谷+钻石级雨林+南山天涯』180度海景/五星/希尔顿/亚龙湾酒店任选'),
(null,10,1001,'三亚','prev/200f0a0000004d7p054C9_C_750_480.jpg',3010,'4.6','优选','海南三亚5日4晚跟团游(5钻)','双十一好礼赠！直降1800！享私人沙滩 180海景/洲际/万豪任选 赠“海上飞龙+潜水”亚龙湾千元玩水礼包+网红海景玻璃栈道+龙虾海鲜餐+儿童免地接+旅拍精修+免税店代金券+明星导游带团'),
(null,10,1004,'西安','prev/300a16000000zgwe2BF2A_C_750_420_Q90.jpg',1049,'4.8',null,'西安兵马俑+华清池+华山+大明宫3日跟团游(4钻)','玩转十一-梦回长安-锦绣大唐【1车1导+1晚西安5钻酒店+1晚华山国际】赠西安城墙+汉城湖+夜游大唐不夜城+潼关黄河湾+大明宫3D电影+6小时畅游华山+24H单程接机或送机'),
(null,10,1004,'西安','prev/300i0t000000imm0227AF_C_750_480.jpg',789,'4.8','优选','陕西西安+延安+壶口瀑布+黄帝陵2日跟团游','2019大升级 性价比大比拼 千人点赞·三黄一圣放心游 打卡延安1938风情街 含1早3正餐【赠延安南泥湾+伟人纪念章+陕北剪纸或U型枕】'),
(null,10,1004,'西安','prev/300o0k000000bqou887DA_C_750_480.jpg',1049,'4.8',null,'西安兵马俑+华清池+华山+大明宫3日跟团游(4钻)','玩转十一-梦回长安-锦绣大唐【1车1导+1晚西安5钻酒店+1晚华山国际】赠西安城墙+汉城湖+夜游大唐不夜城+潼关黄河湾+大明宫3D电影+6小时畅游华山+24H单程接机或送机'),
(null,10,1004,'西安','prev/300713000000v2sjv11E4_C_750_420_Q90.jpg',789,'4.8',null,'陕西西安+延安+壶口瀑布+黄帝陵2日跟团游','2019大升级 性价比大比拼 千人点赞·三黄一圣放心游 打卡延安1938风情街 含1早3正餐【赠延安南泥湾+伟人纪念章+陕北剪纸或U型枕】'),
(null,10,1004,'西安','prev/300o0k000000bqou887DA_C_750_480.jpg',1049,'4.8',null,'西安兵马俑+华清池+华山+大明宫3日跟团游(4钻)','玩转十一-梦回长安-锦绣大唐【1车1导+1晚西安5钻酒店+1晚华山国际】赠西安城墙+汉城湖+夜游大唐不夜城+潼关黄河湾+大明宫3D电影+6小时畅游华山+24H单程接机或送机'),
(null,10,1004,'西安','prev/300i0t000000imm0227AF_C_750_480.jpg',789,'4.8','优选','陕西西安+延安+壶口瀑布+黄帝陵2日跟团游','2019大升级 性价比大比拼 千人点赞·三黄一圣放心游 打卡延安1938风情街 含1早3正餐【赠延安南泥湾+伟人纪念章+陕北剪纸或U型枕】'),
(null,10,1002,'成都','prev/100q090000003p71649E7_C_750_480.jpg',2841,'4.9','优选','成都+九寨沟+黄龙风景名胜区+都江堰6日5晚跟团游(5钻)','【自研自售+真纯玩】携程会员专享+上限30人 宿5钻优质酒店【加游卧龙熊猫苑】成都1日自由行【腾势/特斯拉】专车接送机 限时2成人减500元/单！'),
(null,10,1013,'广西','prev/300s15000000xkbd8630A_C_750_480.jpg',2299,'4.9','可独立成团','广西桂林+阳朔+漓江5日4晚跟团游(5钻)','【自营旗舰王 10月享千元立减】VIP私密头等舱不限量【大公馆+高餐标椿记+秋韵龙脊梯田】十里画廊遇龙河【0购物0自费一价全包】携程发团+明星导游+爸妈放心游【赠定制晴雨伞】'),
(null,10,1013,'广西','prev/300a15000000xhfb43D30_C_750_480.jpg',3230,'4.9','优选,可独立成团','桂林+龙脊梯田+古东瀑布+漓江+阳朔6日5晚跟团游(5钻)','【自营顶配全景18人小团 错峰享立减】4星船VIP上舱/头等舱【香格里拉/喜来登】遇龙河双人筏+488元双秀【桂林千古情&山水间】红瑶换装+下午茶+网红椿记+明星导游'),
(null,20,2001,'台湾','prev/300d0e00000070nh68C0C_C_750_420_Q90.jpg',3280,'4.1','优选','台湾环岛8日7晚跟团游','【一价全含0自费】（101大楼登顶+日月潭游船+伯朗大道骑行+乘坐苏澳小火车+爱河漫步）'),
(null,20,2002,'台湾','prev/CggYHlX3ruWARYzOADK1EU1xmKA348_C_750_420_Q90.jpg',2364,'4.5','优选','香港2-7日自由行','机票+酒店+天数随心选'),
(null,20,2003,'台湾','prev/30010l000000df7wxF446_C_750_420_Q90.jpg',2364,'4.4','优选','台湾台北+嘉义市+垦丁+花莲+日月潭8日7晚跟团游','暑期特惠【体验阿里山小火车+升级2晚五花酒店+101登顶+双夜市+伯朗大道+爱河漫步+彩虹眷村+佛光山】+全程无自费+一晚温泉酒店'),
(null,20,2004,'台湾','prev/300j0a0000004tsln68E6_C_750_420_Q90.jpg',54118,'4.1','优选','台湾高雄+垦丁+花莲+台北8日自由行','已有G签/外籍可订【私家包车|5天包车+3天自由】高进北出|台北+花莲+垦丁各2晚+高雄1晚·玩转东海岸|瑞穗牧场原生态 海洋馆奇妙之旅！'),
(null,20,2005,'台湾','prev/30020t000000io6rb04A1_C_750_420_Q90.jpg',2364,'4.2','优选','台湾台北+嘉义市+高雄+台东+花莲8日7晚跟团游','『西安直飞台北，不转机】爸妈放心游！一价全含0自费！高品住宿+双夜市~西安直飞+伯朗大道+佛光山+彩虹眷村+双夜市+地道美食+特别赠送珍珠奶茶~凤梨酥小礼盒~'),
(null,20,2006,'台湾','prev/30060t000000igq08A8BE_C_750_420_Q90.jpg',2364,'4.6','优选','台湾台北+嘉义市+高雄+垦丁+花莲8日7晚跟团游','【一价全含】精选酒店+温泉泡汤+地道美食+经典景点'),
(null,20,2007,'台湾','prev/300v0t000000is5lf07D1_C_750_420_Q90.jpg',2364,'4.3','优选','台湾高雄+垦丁+台北8日自由行(5钻)','已有G签/外籍可订【高进北出】台北3晚+垦丁2晚+高雄2晚|内附美食攻略·全程搭配5钻酒店·解放双手最后台北血拼！'),
(null,20,2008,'台湾','prev/300f0t000000ih4ky1FB4_C_750_420_Q90.jpg',2364,'4.8','优选','台湾台北+嘉义市+高雄+台东+花莲8日7晚跟团游','『一价全含.环岛线路精选』+3晚五花酒店+101登顶+垦丁公园+伯朗大道骑行一价全含无自费+西安直飞'),
(null,30,3002,'台湾','prev/300j0t000000ifjg10F4B_C_750_420_Q90.jpg',2364,'4.1','优选','台湾北部6日5晚私家团','A线升级环岛之星彩绘列车+私房料理 B线搭乘普通台铁列车 入住花莲&清境优质民宿 台北-花莲-清境-日月潭 中横金三角玩法 不走回头路'),
(null,30,3001,'日本','prev/CghzgVWwueeAD47DADZFmoNTjAw127_C_750_480.jpg',5599,'4.7','品蟹,双古都','日本大阪+京都+箱根+东京6日5晚跟团游(4钻)','【自营人气热卖 | 累计万人出游】A线:**11月起全新升级 赠一日游** 纯玩 2日自由 B线:行程全含无自费 多样特色餐 赠旅拍 缆车观景 C线:人气热销 东京大阪2日自由'),
(null,30,3001,'日本','prev/CghzgVWwueeAD47DADZFmoNTjAw127_C_750_480.jpg',7399,'4.8','品蟹','日本大阪+京都+箱根+东京6日5晚跟团游(5钻)','【自营 | 品质纯玩无购物】赠WIFI 精致蟹御膳 鲍鱼海鲜锅 特色和风料理 富士山全景 京都奈良双古都 东京一日自由 大阪一日自由or关西深度一日游随心选'),
(null,30,4001,'泰国','prev/300h0m000000dwiot08D3_C_750_480.png',2999,'4.2',"特卖会",'泰国曼谷+芭堤雅6日5晚跟团游(5钻)','【纯玩】『可升河畔香格里拉』A线·5晚黄金地段钻·抖音日落悬崖餐厅·射击体验·沙美岛·网红摩天轮+火车夜市 B线·8人VIP精致团·77层空中玻璃栈道·72府暹罗古城·丹嫩沙朵+美攻铁道'),
(null,30,4001,'泰国','prev/300l1700000116n72005F_C_750_480.jpg',2799,'4.7','特卖会','泰国曼谷+芭堤雅6日5晚跟团游(4钻)','【万人口碑】【A·河畔华美达+芭提雅海边连住·B·GardenCliff半山无边泳池度假酒店·网红摩天轮+火车夜市·射击体验·东芭双园·沙美岛·仅1店】【C线·升真纯玩全程五钻·曼谷1日自由】'),
(null,50,5009,'法国','prev/CghzgVWwr3eAcJL3ABgFtas1MjY838_C_750_480.jpg',12699,'4.9','外籍可订','法国+德国+意大利+瑞士12日跟团游','全4星【匠心定做】庄园酒店 少女峰+卢浮宫+凡尔赛宫+新天鹅堡+塞纳河游船+贡多拉+巴黎蒙帕纳思56层观光廊+吕德斯海姆+科隆+4人1台WIFI'),
(null,50,5009,'法国','prev/CghzgVWwr3eAcJL3ABgFtas1MjY838_C_750_480.jpg',14199,'4.9','外籍可定','德国+法国+意大利+瑞士12日跟团游','(4钻)·【自营明星蜜月礼包】4钻+庄园 酒店全披露 全含 少女峰 新天鹅堡 部分双直飞 D线金口列车 双游船+巴黎两宫'),
(null,50,5006,'法国','prev/300i0v000000jhxei7DE6_C_750_480.jpg',9999,'5.0','外籍可订','德国+法国+意大利+瑞士12日跟团游','全4星【匠心定做】【A线1晚庄园酒店+六大世遗巡礼+罗马自由活动+天空之城+乘小火车游梦幻五渔村+加尔达湖+海鲜三道式+赠4人1台免费WIFI+无购物+含小费】'),
(null,50,5009,'法国','prev/300n14000000w52hmC0B3_C_750_480.png',5799,'4.8','外籍可订','德国+法国+瑞士+意大利12日跟团游','3-4星+东航往返直飞+可配联运+可异地按指纹+卢浮宫入内参观+升级塞纳河水上餐厅+新天鹅堡'),
(null,70,7001,'澳大利亚','prev/100b14000000x67b64845_C_750_480.jpg',31900,'4.9',null,'澳大利亚悉尼+墨尔本+凯恩斯+黄金海岸+新西兰奥克兰+罗托鲁瓦+基督城+皇后镇15日跟团游(4钻)','【国旅】纯玩+住库克山+观星+新西兰6晚+霍比特萤火虫+米佛大洋路大堡礁+天际缆车+直升机+无早航班+赠4000元大礼包'),
(null,70,7001,'澳大利亚','prev/100b14000000x67b64845_C_750_480.jpg',31900,'4.8',null,'澳大利亚悉尼+墨尔本+凯恩斯+黄金海岸+新西兰奥克兰+罗托鲁瓦+基督城+皇后镇15日跟团游(4钻)','【国旅】纯玩+住库克山+观星+新西兰6晚+霍比特萤火虫+米佛大洋路大堡礁+天际缆车+直升机+无早航班+赠4000元大礼包'),
(null,70,7001,'澳大利亚','prev/100b14000000x67b64845_C_750_480.jpg',31900,'4.7',null,'澳大利亚悉尼+墨尔本+凯恩斯+黄金海岸+新西兰奥克兰+罗托鲁瓦+基督城+皇后镇15日跟团游(4钻)','【国旅】纯玩+住库克山+观星+新西兰6晚+霍比特萤火虫+米佛大洋路大堡礁+天际缆车+直升机+无早航班+赠4000元大礼包'),
(null,70,7001,'澳大利亚','prev/100b14000000x67b64845_C_750_480.jpg',31900,'4.6',null,'澳大利亚悉尼+墨尔本+凯恩斯+黄金海岸+新西兰奥克兰+罗托鲁瓦+基督城+皇后镇15日跟团游(4钻)','【国旅】纯玩+住库克山+观星+新西兰6晚+霍比特萤火虫+米佛大洋路大堡礁+天际缆车+直升机+无早航班+赠4000元大礼包'),
(null,80,7001,'澳大利亚','prev/100b14000000x67b64845_C_750_480.jpg',31900,'4.5',null,'澳大利亚悉尼+墨尔本+凯恩斯+黄金海岸+新西兰奥克兰+罗托鲁瓦+基督城+皇后镇15日跟团游(4钻)','【3旅】纯玩+住库克山+观星+新西兰6晚+霍比特萤火虫+米佛大洋路大堡礁+天际缆车+直升机+无早航班+赠4000元大礼包'),
(null,40,4001,'泰国','prev/300u190000015xryxAF3B_C_750_420_Q90.jpg',7361,'4.1','优选','泰国曼谷+芭堤雅6日5晚半自助游(5钻)','【8人纯玩·限时大促】『A:指定悦榕庄』『B:无边泳池大仓·英迪格·缪斯』180°海景房+私人沙滩·海洋世界+蒂芙尼VIP+小众粉红象+东芭乐园+水上市场+建兴酒家·亲子蜜月家庭·C:超自由·6人免费独立成团'),
(null,40,4002,'马尔代夫','prev/300j190000015xbiu3D05_C_750_420_Q90.jpg',8362,'3.5','优选','马尔代夫阿雅达岛Ayada7日5晚自由行','『10/25上海出发直飞特惠立减4000元』首晚马累过渡+4晚岛上+含早晚餐&上岛接送+私人泳池+网红星光泳池+6星蜜月'),
(null,40,4003,'巴厘岛','prev/300c1900000160g6g06DB_C_750_420_Q90.jpg',5363,'4.4','优选','巴厘岛7日半自助游(5钻)','【海豚+海景】，『住海景房』2晚希尔顿海景房+2晚独栋别墅+1晚罗威纳五钻，『追海豚』罗威纳出海+海上日出+浮潜，『悬崖海景』享艾吉悬崖上无边泳池，『地标打卡』善恶门+水神庙+火山温泉'),
(null,40,4004,'越南','prev/10040s000000hmldoC28C_C_750_420_Q90.jpg',6364,'5.1','优选','越南胡志明市+美奈+芽庄7日半自助游(4钻)','『畅玩越南3城』全国出发·2人起订·不走回头路·东方小巴黎·西贡+冰火两重天·美奈+芽庄一天自由活动·全程4钻【可升级纯玩或芽庄两晚珍珠岛酒店】'),
(null,40,4005,'泰国','prev/100r0p000000fwdu51A5C_C_750_420_Q90.jpg',5365,'4.2','优选','泰国普吉岛7日5晚半自助游(5钻)','『纯玩9人Mini团』全程⑤钻酒店连住▲网红大树秋千·查龙寺·普吉老街·惬意环岛骑大象·赏人妖·自由活动·24h旅行管家+赠不限流量电话卡·暑期特惠国庆有售'),
(null,40,4006,'越南','prev/220e18000001548z30CB7_C_750_420_Q90.jpg',5366,'4.6',null,'越南芽庄6日5晚自由行','3晚+2晚 市区/海滨酒店随心挑【赠海景天空下午茶 网红INS打卡】『品的是甜点#饱的是眼福』“惠”玩白净沙滩·蔚蓝天空·缤纷乐园|艳享小马尔代夫风情'),
(null,40,4007,'越南','prev/100o14000000w4ljh707F_C_750_420_Q90.jpg',1367,'4.3','优选','越南芽庄6日4晚跟团游','【A线赠珍珠岛出海】一价全含【西安直飞】绝无强消无保底【占婆塔+大教堂+蓝湾+五指岩】全程入住品质四钻酒店 赠【水果大餐 哈瓦那海景下午茶】 +1元换购电话卡、洗漱包'),
(null,40,4008,'马尼拉','prev/100513000000u318pCCD0_C_750_420_Q90.jpg',1567,'2.8',null,'马尼拉+长滩岛7日6晚自由行','卡提克兰机场往返省4小时车程 1晚马尼拉+4晚长滩岛+1晚马尼拉 酒店任选  可选购机场往返接送'),
(null,60,6001,'美国','prev/300c180000013tjtl317F_C_750_420_Q90.jpg',3868,'4.1','优选','美国塞班岛6日4晚半自助游','【纯玩塞班10人小团】【2+2酒店自由搭+军舰岛+当地接送机+北部环岛】全程管家服务中文导游+含税免签+畅游七色海可升级小飞机自驾/剪刀门跑车自驾/网红蓝洞美人鱼写真'),
(null,60,6002,'美国','prev/100611000000r95z02E8F_C_750_420_Q90.jpg',9669,'5.5',null,'美国东西海岸13日跟团游(3钻)','1签2国 体验墨西哥风情 科罗拉多大峡谷+锡安国家公园+打卡网红马蹄湾+2天曼哈顿深度游+特别赠送自由女神游船+海航重庆直飞+全国联运+单人拼房保障'),
(null,60,6003,'美国','prev/100o10000000pd3y36005_C_750_420_Q90.jpg',4967,'4.4','优选','美国西海岸+加拿大西海岸+墨西哥10日跟团游(3钻)','【上头了！！0元办签证+异地交通补贴+自备美加签优惠2000元每人】1本护照走3国连线+大峡谷+女皇公园+斯坦利公园+墨西哥蒂华纳+升级双奥莱+赠龙虾餐+含千元司导'),
(null,60,6004,'美国','prev/300p1600000100nc4857E_C_750_420_Q90.jpg',1864,'3.1',null,'美国纽约+华盛顿+费城10日半自助游','【美东全新自选】+尼亚加拉大瀑布+自由女神像+【全国出发+航班自选+预订灵活】+纽约市区游+波士顿港+名校游览+康宁玻璃中心+【二十四小时送机】'),
(null,60,6005,'美国','prev/300p1600000100nc5759D_C_750_420_Q90.jpg',7761,'4.2','优选','美国西海岸+洛杉矶市+拉斯维加斯9日跟团游','【海鸥携旗下】11.19特惠限4位+0小费+已含:大峡谷国家公园+羚羊彩穴+墨西哥+圣地亚哥或锡安公园+北上广直飞+多地联运无需自理交通+4人订赠WIFI+拼房无忧+多人立减'),
(null,60,6006,'美国','prev/300f1600000101jajCE11_C_750_420_Q90.jpg',2262,'3.6',null,'美国纽约+巴哈马拿骚10日8晚自由行','『玩转网红地』【纽约|璀璨大都市】【巴哈马海岛游】网红岛撸猪·邂逅粉红沙滩·蜜月度假胜地·可选亚特兰蒂斯·纽约进出'),
(null,60,6007,'墨西哥','prev/300i0q000000g4snt62E1_C_750_420_Q90.jpg',4865,'3.3','优选','墨西哥+古巴10日跟团游(3钻)','拒签无忧！！0自费0购物含小费/加勒比风情七大名城+多晚入住当地四-五星级酒店+特奥蒂瓦坎遗迹+玛雅文明+乘老爷车+乘船出海+享巴拉德罗海滩'),
(null,60,8008,'美国','prev/100t0z000000n9a0i844C_C_750_420_Q90.jpg',5968,'2.8',null,'美国塞班岛5日4晚自由行','上海直飞+格兰维罗塔加楼同等级，赠接送机+北部环岛游（打卡蓝洞、鸟岛）+水晶湾半日游+探索之旅+中文导游+4正餐 可自费升级【自驾飞机+高空跳伞+潜水+自驾租车】');

/*用户信息表*/
CREATE TABLE jxy_user(
     u_id INT PRIMARY KEY AUTO_INCREMENT,
     uname VARCHAR(32),
     email VARCHAR(64),
     phone VARCHAR(16),
     upwd VARCHAR(32),
     avatar VARCHAR(128),     #头像图片路径
     jx_name VARCHAR(32),     #用户名，如王小明
     gender SMALLINT,              #性别  0-女  1-男
     user_name VARCHAR(32),   #真实姓名
     birthday VARCHAR(32),    #生日
     member CHAR(4),          #会员等级
     setTime VARCHAR(32)    #创建时间
);
INSERT INTO jxy_user VALUES
(NULL,'fzq5722','572263697@qq.com','18291419781',md5("f1234567"),'img/user/moren.jpg','小明',1,"王阳明","2019-06-28",4,"2019/10/24");
/**用户收藏**/
CREATE TABLE jxy_coll(
  c_id INT PRIMARY KEY AUTO_INCREMENT,
  u_id INT,
  Jid INT,
  setTime VARCHAR(32)
);
INSERT INTO jxy_coll VALUES
(null,1,10,"2019/10/22"),
(null,1,20,"2019/9/22");

/**评论表**/
CREATE TABLE jxy_comment(
  ct_id INT PRIMARY KEY AUTO_INCREMENT,
  Jid INT,
  u_id INT,
  comment VARCHAR(250),
  getlike TINYINT,
	cgrade TINYINT,
  arrage TINYINT,
  ribe TINYINT, 
  lain TINYINT
);
INSERT INTO jxy_comment VALUES
(null,1,1,"聊的很",20,5,1,2,3),
(null,1,2,"聊的很",20,5,1,2,3);


CREATE TABLE jxy_cousor (
  cr_id INT PRIMARY KEY AUTO_INCREMENT,
  Jid INT,
  cr_img VARCHAR(256),
  cr_vid VARCHAR(128)
);
INSERT INTO  jxy_cousor VALUES
(null,1,"cousor/BJ_01.jpg,cousor/BJ_02.jpg,cousor/BJ_03.jpg,cousor/BJ_04.jpg,cousor/BJ_05.jpg",'cousor/BJ_TT_01.mp4'),
(null,2,"cousor/BJ_01.jpg,cousor/BJ_02.jpg,cousor/BJ_03.jpg,cousor/BJ_04.jpg,cousor/BJ_05.jpg",'cousor/BJ_TT_01.mp4'),
(null,3,"cousor/BJ_01.jpg,cousor/BJ_02.jpg,cousor/BJ_03.jpg,cousor/BJ_04.jpg,cousor/BJ_05.jpg",'cousor/BJ_TT_01.mp4'),
(null,4,"cousor/BJ_01.jpg,cousor/BJ_02.jpg,cousor/BJ_03.jpg,cousor/BJ_04.jpg,cousor/BJ_05.jpg",'cousor/BJ_TT_01.mp4'),
(null,5,"cousor/BJ_01.jpg,cousor/BJ_02.jpg,cousor/BJ_03.jpg,cousor/BJ_04.jpg,cousor/BJ_05.jpg",'cousor/BJ_TT_01.mp4'),
(null,6,"cousor/BJ_01.jpg,cousor/BJ_02.jpg,cousor/BJ_03.jpg,cousor/BJ_04.jpg,cousor/BJ_05.jpg",'cousor/BJ_TT_01.mp4'),
(null,7,"cousor/BJ_01.jpg,cousor/BJ_02.jpg,cousor/BJ_03.jpg,cousor/BJ_04.jpg,cousor/BJ_05.jpg",'cousor/BJ_TT_01.mp4'),
(null,8,"cousor/BJ_01.jpg,cousor/BJ_02.jpg,cousor/BJ_03.jpg,cousor/BJ_04.jpg,cousor/BJ_05.jpg",'cousor/BJ_TT_01.mp4'),
(null,9,"cousor/BJ_01.jpg,cousor/BJ_02.jpg,cousor/BJ_03.jpg,cousor/BJ_04.jpg,cousor/BJ_05.jpg",'cousor/BJ_TT_01.mp4'),
(null,10,"cousor/HZ_01.jpg,cousor/HZ_02.jpg,cousor/HZ_03.jpg,cousor/HZ_04.jpg",'cousor/HZ_XH01.mp4'),
(null,11,"cousor/HZ_01.jpg,cousor/HZ_02.jpg,cousor/HZ_03.jpg,cousor/HZ_04.jpg",'cousor/HZ_XH01.mp4'),
(null,12,"cousor/HZ_01.jpg,cousor/HZ_02.jpg,cousor/HZ_03.jpg,cousor/HZ_04.jpg",'cousor/HZ_XH01.mp4'),
(null,13,"cousor/HZ_01.jpg,cousor/HZ_02.jpg,cousor/HZ_03.jpg,cousor/HZ_04.jpg",'cousor/HZ_XH01.mp4'),
(null,14,"cousor/HZ_01.jpg,cousor/HZ_02.jpg,cousor/HZ_03.jpg,cousor/HZ_04.jpg",'cousor/HZ_XH01.mp4'),
(null,15,"cousor/HZ_01.jpg,cousor/HZ_02.jpg,cousor/HZ_03.jpg,cousor/HZ_04.jpg",'cousor/HZ_XH01.mp4'),
(null,16,"cousor/HZ_01.jpg,cousor/HZ_02.jpg,cousor/HZ_03.jpg,cousor/HZ_04.jpg",'cousor/HZ_XH01.mp4'),
(null,17,"cousor/HZ_01.jpg,cousor/HZ_02.jpg,cousor/HZ_03.jpg,cousor/HZ_04.jpg",'cousor/HZ_XH01.mp4'),
(null,18,"cousor/HZ_01.jpg,cousor/HZ_02.jpg,cousor/HZ_03.jpg,cousor/HZ_04.jpg",'cousor/HZ_XH01.mp4'),
(null,19,"cousor/HZ_01.jpg,cousor/HZ_02.jpg,cousor/HZ_03.jpg,cousor/HZ_04.jpg",'cousor/HZ_XH01.mp4'),
(null,20,"cousor/HZ_01.jpg,cousor/HZ_02.jpg,cousor/HZ_03.jpg,cousor/HZ_04.jpg",'cousor/HZ_XH01.mp4'),
(null,21,"cousor/XN_01.jpg,cousor/XN_02.jpg,cousor/XN_03.jpg,cousor/XN_04.jpg,cousor/XN_05.jpg",'cousor/XN_HS01.mp4'),
(null,22,"cousor/XN_01.jpg,cousor/XN_02.jpg,cousor/XN_03.jpg,cousor/XN_04.jpg,cousor/XN_05.jpg",'cousor/XN_HS01.mp4'),
(null,23,"cousor/XN_01.jpg,cousor/XN_02.jpg,cousor/XN_03.jpg,cousor/XN_04.jpg,cousor/XN_05.jpg",'cousor/XN_HS01.mp4'),
(null,24,"cousor/XN_01.jpg,cousor/XN_02.jpg,cousor/XN_03.jpg,cousor/XN_04.jpg,cousor/XN_05.jpg",'cousor/XN_HS01.mp4'),
(null,25,"cousor/XN_01.jpg,cousor/XN_02.jpg,cousor/XN_03.jpg,cousor/XN_04.jpg,cousor/XN_05.jpg",'cousor/XN_HS01.mp4');















